ID,Name,Age,Gender,Location
1,John,25,Male,New York
2,Emma,30,Female,Los Angeles
3,Michael,35,Male,Chicago
4,Sophia,28,Female,Houston
5,William,40,Male,Philadelphia
6,Olivia,22,Female,Phoenix
7,Liam,27,Male,San Antonio
8,Ava,32,Female,San Diego
9,Alexander,38,Male,Dallas
10,Isabella,29,Female,San Jose
11,James,33,Male,Austin
12,Mia,26,Female,Jacksonville
13,Benjamin,31,Male,San Francisco
14,Charlotte,34,Female,Indianapolis
15,Elijah,24,Male,Columbus
16,Amelia,39,Female,Fort Worth
17,Lucas,23,Male,Charlotte
18,Evelyn,36,Female,Detroit
19,Mason,21,Male,El Paso
20,Harper,37,Female,Seattle
21,Logan,20,Male,Denver
22,Abigail,41,Female,Washington
23,Ethan,19,Male,Boston
24,Sofia,42,Female,Memphis
25,Aiden,18,Male,Nashville
26,Grace,43,Female,Portland
27,Michael,45,Male,Oklahoma City
28,Hannah,44,Female,Las Vegas
29,Daniel,47,Male,Louisville
30,Elizabeth,46,Female,Baltimore
31,Henry,49,Male,Milwaukee
32,Addison,48,Female,Albuquerque
33,Matthew,51,Male,Tucson
34,Lily,50,Female,Fresno
35,Christopher,53,Male,Sacramento
36,Samantha,52,Female,Mesa
37,Andrew,55,Male,Kansas City
38,Chloe,54,Female,Atlanta
39,Joshua,57,Male,Long Beach
40,Natalie,56,Female,Omaha
41,David,59,Male,Virginia Beach
42,Isabelle,58,Female,Miami
43,Nathan,61,Male,Oakland
44,Victoria,60,Female,Tulsa
45,Evan,63,Male,Honolulu
46,Zoe,62,Female,Minneapolis
47,Joseph,65,Male,Colorado Springs
48,Madison,64,Female,Arlington
49,Jack,67,Male,Wichita
50,Eleanor,66,Female,Raleigh
51,Gabriel,69,Male,St. Louis
52,Anna,68,Female,New Orleans
53,Samuel,71,Male,Tampa
54,Penelope,70,Female,Santa Ana
55,Christopher,73,Male,Anaheim
56,Leah,72,Female,Cincinnati
57,Dylan,75,Male,Bakersfield
58,Aria,74,Female,Aurora
59,Ryan,77,Male,Toledo
60,Sarah,76,Female,Riverside
61,Christian,79,Male,Stockton
62,Ellie,78,Female,Corpus Christi
63,Jonathan,81,Male,Anchorage
64,Mila,80,Female,Lexington
65,Connor,83,Male,Pittsburgh
66,Maya,82,Female,St. Paul
67,Julian,85,Male,Cincinnati
68,Hazel,84,Female,Plano
69,Aaron,87,Male,Greensboro
70,Caroline,86,Female,Newark
71,Nicholas,89,Male,Lincoln
72,Audrey,88,Female,Orlando
73,Brayden,91,Male,Irvine
74,Katherine,90,Female,Jersey City
75,Nolan,93,Male,Chula Vista
76,Nora,92,Female,Fort Wayne
77,Eli,95,Male,Buffalo
78,Madelyn,94,Female,Durham
79,Bentley,97,Male,St. Petersburg
80,Elena,96,Female,Laredo
81,Gavin,99,Male,Lubbock
82,Ariana,98,Female,Madison
83,Lincoln,1,Male,Gilbert
84,Scarlett,2,Female,Norfolk
85,Jacob,5,Male,Glendale
86,Lucy,4,Female,Winston-Salem
87,Levi,7,Male,North Las Vegas
88,Clara,6,Female,Reno
89,Austin,9,Male,Irving
90,Emma,8,Female,Hialeah
91,Elliot,11,Male,Chandler
92,Luna,10,Female,Scottsdale
93,Owen,13,Male,Paradise
94,Elena,12,Female,Lincoln
95,Brandon,15,Male,Lubbock
96,Aurora,14,Female,Greensboro
97,Tristan,17,Male,Baton Rouge
98,Ashley,16,Female,Chula Vista
99,Jackson,19,Male,Jersey City
100,Ellie,18,Female,Orlando
